Date,NSE_Daily_Return_shifted,DJI_Daily_Return_shifted,IXIC_Daily_Return_shifted,HSI_Daily_Return_shifted,N225_Daily_Return_shifted,GDAXI_Daily_Return_shifted,VIX_Daily_Return_shifted,NSE_Open_Prev_Close_Ratio,N225_Open_Prev_Close_Ratio,HSI_Open_Prev_Close_Ratio
2024-01-01,,,,,,,,,,
2024-01-02,,,,,,,,1.000434608685544,,
2024-01-03,-0.3500136051024061,,,,,,,0.9997830141649291,,0.990253425593009
2024-01-04,-0.685186637566948,-0.7552627899389486,-1.1765621673558213,-0.8466521431900298,,-1.3773260196470738,6.363637611557316,1.0041106908369637,,1.0016213846782374
2024-01-05,0.6564470186349425,0.02711297249284872,-0.5613279720430908,-0.0025812622419296716,,0.47706236531102064,0.6410267295756666,1.00217698242155,1.0032813482406655,0.9956228875636502
2024-01-08,0.24101822286055619,0.06882825144629567,0.09490160780862844,-0.664727384684416,0.26776026948291953,-0.1388802043052917,-5.520167916870921,1.0016949548980607,1.0032813482406655,1.0028139321474179
2024-01-09,-0.911070868564301,0.5789294574972237,2.201168211605631,-1.8800948111932225,0.26776026948291953,0.736761549467313,-2.0224752812624813,1.0065355649781527,1.0032813482406655,1.0019507233639044
2024-01-10,0.14804820050666745,-0.41889317042421714,0.09391435011270044,-0.21221467382881443,1.1557447844374513,-0.1681654496588525,-2.446480861549971,0.9992783041698172,1.0039435988770127,0.9971556671319256
2024-01-11,0.34277152411805734,0.4545491925677769,0.7534164415768263,-0.572817454812169,2.0097013041435074,0.008695713235740143,-0.548594414129322,1.0032055944045835,1.0124735173095856,1.0035341155444362
2024-01-12,0.13183031833516878,0.04055913576916925,0.0036075596183460235,1.2720146642590135,1.765709282438177,-0.8554995252881059,-1.9700552266877946,1.005836854977089,1.0157429750743472,0.9947816155342425
2024-01-15,1.1426492637705898,-0.3130094703543751,0.01716301438894341,-0.3524709839984208,1.5042856359534174,0.9520213397443467,2.0900340647264315,1.0072437937165086,1.0016024831626726,1.0008433702346635
2024-01-16,0.9267074694848665,-0.3130094703543751,0.01716301438894341,-0.17390415673497195,0.9126083968141296,-0.4929183471719889,2.0900340647264315,0.9992329784952908,1.0002064007517035,0.9885251424194915
2024-01-17,-0.29482333845447517,-0.6167624171026787,-0.18974562268223583,-2.1608474578516668,-0.7871735152474302,-0.30405693997010985,8.9763807908964,0.9825233512798769,1.0064852700715359,0.9936001165036449
2024-01-18,-2.0894393512082443,-0.2528008153529382,-0.5937327117390034,-3.7124826934106347,-0.39706048466251476,-0.8447558546560319,6.864160395890595,0.9926872625927152,0.9969981185390844,1.0015899847771088
2024-01-19,-0.5085271508735612,0.5418715700649113,1.3464956148553586,0.7520481609476493,-0.03263489088231042,0.8256007797433185,-4.462473624843866,1.0071264298361076,1.0126189789125641,1.0008381345244615
2024-01-22,0.746195718645537,1.0547266440950054,1.6958373056834786,-0.5398956792166731,1.401610689763788,-0.07375198983599063,-5.874026305617585,1.0071264298361076,1.0091991644686957,1.002636370183679
2024-01-23,0.746195718645537,0.3644848368427489,0.32212402859392864,-2.27002266316384,1.6229883853936533,0.7745545276217847,-0.827072246421412,1.0071264298361076,1.0015966192458565,1.005156705035062
2024-01-24,-1.774084294273448,-0.2535652343026884,0.4274033267473776,2.625466637354701,-0.08038675423810426,-0.33727938111984823,-4.852156254805884,0.997478634420015,0.9972092843149777,1.0161827564564259
2024-01-25,1.0129971071150878,-0.2613307474034654,0.3628919250833196,3.5553623996627426,-0.7971227035615813,1.5807340947507686,4.701196363514493,1.000030315659759,0.9996317653943362,1.0056648458028996
2024-01-26,-0.47240537554001927,0.6420562165209365,0.18460293212483325,1.9628452399283125,0.02757176827767882,0.10065175014821737,2.359204397585213,1.000030315659759,0.9935570777712716,0.9967159902625419
2024-01-29,-0.47240537554001927,0.15848137127811857,-0.35549884554011424,-1.6020856997754462,-1.3395301866990006,0.3221799321029728,-1.412636305410342,1.000030315659759,1.001768303702446,1.0058938172586074
2024-01-30,1.8030591452244726,0.5878322847835182,1.1172802417547256,0.7836506993168735,0.7716442929921019,-0.11602637976507735,2.564103670581619,1.0017550415552114,1.0047103420974992,0.9887679679166018
2024-01-31,-0.9913698102483215,0.3491973139075677,-0.7559466711257956,-2.3249639466311756,0.10802462610175478,0.18078992353838252,-2.132352600873144,0.9983807523425912,0.9911836635668688,0.9967268090778966
2024-02-01,0.9460025419002926,-0.8240966786834281,-2.2301279588428202,-1.3906490618073697,0.6123563012977451,-0.40406967310553377,7.813673396435372,1.0025293166089484,0.9923345947713726,1.0024404176603574
2024-02-02,-0.13003033741542103,0.9686399711994476,1.3032824817912125,0.5239863093937869,-0.7585421574142881,-0.2645606879479123,-3.275263097802583,1.0053140247080454,1.0066236508472672,1.0122001538413377
2024-02-05,0.7205988175093214,0.34938367292260963,1.740117285606213,-0.20975170389538889,0.40697763971409007,0.3509801168420035,-0.21613640290952807,1.0030772679166042,1.0072271743831034,0.9873371445958897
2024-02-06,-0.37568550808078083,-0.7096232926132706,-0.20008066710635042,-0.1516059766011879,0.5424540047899606,-0.08363999407073885,-1.2996411568089838,1.0024573185336827,0.9971094908863701,1.0020129389727526
2024-02-07,0.7243402101531293,0.36799852951219236,0.07257690071089673,4.0416502699554435,-0.5322637056346169,0.7641932371324822,-4.4623237254774235,1.0052737598185513,0.9956396848310097,1.0090178287482778
2024-02-08,0.005014315737827957,0.4049701322358823,0.9458623130085275,-0.3407133375352589,-0.11265911925825156,-0.6533066835423651,-1.7611063439567198,1.003609146650783,1.0038460207425353,0.9942003375667323
2024-02-09,-0.9692017110872975,0.12660830726631822,0.23526788279171207,-1.2673842464607565,2.058031513945524,0.24742487457358742,-0.3117689952524372,1.0004167419841918,1.001414962382113,0.9893708426470668
2024-02-12,0.29722318898448563,-0.14108417037020926,1.2470166654928727,-0.8281247770485334,0.09261417823460683,-0.2200568972518635,1.0946078478523358,1.0008401598186618,1.001414962382113,0.9893708426470668
2024-02-13,-0.7641419430735708,0.3250116439946771,-0.30086532446064185,-0.8281247770485334,0.09261417823460683,0.6548879530617668,7.733951866959421,1.0022321376133079,1.001414962382113,0.9893708426470668
2024-02-14,0.5884480011507653,-1.352227704654263,-1.799901514048463,-0.8281247770485334,2.8905728931772456,-0.918684741691711,13.783201968635694,0.9924068568693732,0.9933858955078294,0.9893708426470668
2024-02-15,0.44519922849619586,0.39589402708193333,1.3001787624161487,0.8433564877492694,-0.6865679381848122,0.3829811112711745,-9.274449411038432,1.0030448647151082,1.0083416476292602,0.9965256878869234
2024-02-16,0.32371361888359207,0.9078938045036455,0.29648203145733465,0.4109102526769659,1.205785299495954,0.5972624061126197,-2.573017264356725,1.0049998645071483,1.0094195251172835,1.0039455388248186
2024-02-19,0.5930843022260657,-0.3743129477482121,-0.8205591408306456,2.479393256729945,0.862983858311761,0.415036598129781,1.6416812168366768,1.002847005867519,0.9996407088266779,0.9996639995209214
2024-02-20,0.37000088082788096,-0.3743129477482121,-0.8205591408306456,-1.1282133482316214,-0.04380510463442011,-0.14709961480484646,1.6416812168366768,0.9989580272689261,1.0010395579309852,1.0041149477327591
2024-02-21,0.33766555730090353,-0.16616837390716066,-0.918314703992118,0.5688390104903185,-0.2775369889394419,-0.13942028995443945,8.2865191302115,1.0023381767518376,0.9955259521250404,0.9960252322321029
2024-02-22,-0.6392700010330099,0.1256035427492197,-0.3193068764124063,1.5731016471875137,-0.2644412775616223,0.2911190662219454,-0.5188062471480959,1.001201538834022,1.0064269804748551,0.999196528777087
2024-02-23,0.736332185814148,1.1832287225158167,2.9571519211352593,1.4533609749210141,2.186284119437931,1.4740525875075017,-5.215125050698921,1.0032654865342856,1.0064269804748551,0.9947279580140428
2024-02-26,-0.02137959201901074,0.15977296641407346,-0.2792723201286873,-0.1020718842703161,2.186284119437931,0.28140239068910056,-5.433287234701945,0.9980416607827975,1.0064269804748551,0.9975547781083745
2024-02-27,-0.40809285088362346,-0.15920864647993582,-0.12859000787753816,-0.5447800234479772,0.34536012744994515,0.022391163193447028,-0.07272893732244157,0.9985601894320306,1.0006899758359111,1.000654691618057
2024-02-28,0.3448994348646428,-0.247817301079023,0.3696099190204194,0.938160408134947,0.014805109206350586,0.7648395965605292,-2.2561824680231046,1.000709512205959,0.9987181091447885,1.0025495266311422
2024-02-29,-1.1135927809948543,-0.060018420483165524,-0.5460426146002173,-1.5124422901770296,-0.08024634762645588,0.2547802445298508,3.0528655107632474,0.9992733332152919,0.9930498933174565,0.9935127125535337
2024-03-01,0.14418556686905948,0.1216233279299761,0.9040759717745095,-0.15365778156194443,-0.10671243216273663,0.4372921134176533,-3.179194575191846,1.0029796021285817,1.0022596018867915,0.9926990721513269
2024-03-04,1.6192168700068565,0.233324879025254,1.1373441373127013,0.47239975788566646,1.9012032559570624,0.3217572677667313,-2.1641788814083185,1.0028985507246377,1.0072897876809332,1.0024178832707602
2024-03-05,0.29925402887358565,-0.249571048199404,-0.4143220330287578,0.0393699257799085,0.4971337464288128,-0.10657071154478448,2.898551673472971,0.9984669185393893,0.9943279889107508,0.9848143557059278
2024-03-06,-0.22002905070378498,-1.0378007244677967,-1.6530603760192664,-2.6110618199989055,-0.028924919187967024,-0.10030120126618414,7.190513591449865,0.9987117376201096,0.9923871355781733,1.0002976337392677
2024-03-07,0.5266971542034149,0.19660230320306393,0.5768667588931464,1.704240156954362,-0.01707745928322124,0.10345876729458414,0.27662490835065334,1.0013904925420063,1.0059933315405272,0.998763827628809
2024-03-08,0.08676673462120199,0.33703372933979736,1.5085253391797115,-1.267237083460171,-1.2273901808785515,0.7119756726854387,-0.4137959973565475,1.0013904925420063,1.0053246090910077,1.0028102275096507
2024-03-11,0.08676673462120199,-0.17699861820843488,-1.1569172022392493,0.7616207546710108,0.22786213645291653,-0.15883025621148406,2.0775637081209553,1.0013904925420063,0.9884904770683033,1.0038389761870254
2024-03-12,-0.7153178801771132,0.12129515871517338,-0.4093277501581061,1.432000760067953,-2.1881488753016765,-0.3830598499357962,3.2564484624427736,1.0000805470059995,0.9909816266680217,1.0068954587136736
2024-03-13,0.013651886684606929,0.6082800933760124,1.5379609957051343,3.0500530093834355,-0.05918669114498565,1.2331596979558768,-9.067017675620026,1.0043204378360804,1.006764286892996,0.9979880875771492
2024-03-14,-1.5132725270416536,0.09699155918061475,-0.540219254125307,-0.06663717202445296,-0.2617254670508329,-0.020754204982398328,-0.650290112685159,0.9993113626407307,0.9973062237587733,1.0022497038659781
2024-03-15,0.6771215952804832,-0.35258311831108946,-0.30436369931828855,-0.7051191167659843,0.28791153148219895,-0.10768546709427618,4.727269952947433,0.9963064039117795,0.993320374699198,0.9880140988926082
2024-03-18,-0.5567468627318717,-0.490650008850535,-0.9632641594030877,-1.4194927208306396,-0.2570085485313123,-0.030033776296156667,0.06944603574132735,0.9984902387425278,1.006545158840975,0.9981681083823847
2024-03-19,0.14688778023679294,0.1954296956073298,0.8156194047562515,0.09705533029882307,2.6682090785532075,-0.02213737257807935,-0.5551694972461885,0.9950466317609589,0.9970341728204493,0.9934846118254418
2024-03-20,-1.0802196640288697,0.825801708902496,0.3933308886094222,-1.2405878821225014,0.6621973660529523,0.30564616013972756,-3.5589688178444767,1.0012123860864663,0.9970341728204493,1.0017864624923225
2024-03-21,0.09923428906801757,1.026232090252499,1.253310748131975,0.08221579483815855,0.6621973660529523,0.15366582352427383,-5.643992403728582,1.0069050823498815,0.9970341728204493,1.0132840979016422
2024-03-22,0.79146856998078,0.6814165547465834,0.19811152137096943,1.9345217715310392,2.0299637083457833,0.9110072078082787,-0.9202445238506662,0.9963769678365391,1.0031169102622126,0.9930125492433495
2024-03-25,0.38524885010076115,-0.7678786523725223,0.16449659920487747,-2.1563586450491057,0.17828826232730854,0.1468127294855348,1.0835939821674634,0.9963769678365391,0.9978118809970501,1.0019684580317385
2024-03-26,0.38524885010076115,-0.41103006878208115,-0.26995005442512765,-0.15655094996537278,-1.1600068708312428,0.30413752551778916,0.9953993613303291,0.9963769678365391,0.9982906462053264,1.0045441913359694
2024-03-27,-0.416580634029895,-0.07964792754423522,-0.4197298103708835,0.8782496279567731,-0.039812430196550785,0.6737690714156086,0.3790765149775055,1.002238158291118,1.0029491690885308,0.994711808550898
2024-03-28,0.5405716783151604,1.2161957368711729,0.5137342249128984,-1.3568186465896748,0.9027648315163894,0.5044520820454146,-3.4743205898720597,1.0018057245547023,0.9892473200713082,0.9991191609713368
2024-03-29,0.9187001078543977,0.11894586474734403,-0.12231803666122865,0.9063718034288515,-1.4588329815292567,0.08334857250373862,1.7996909289228258,1.0018057245547023,1.0027230311388884,0.9991191609713368
2024-04-01,0.9187001078543977,0.11894586474734403,-0.12231803666122865,0.9063718034288515,0.501321303670732,0.08334857250373862,1.7996909289228258,1.0018057245547023,1.0068680121111875,0.9991191609713368
2024-04-02,0.6050979178091831,-0.6042085288263666,0.1060481678206937,0.9063718034288515,-1.4029214741928975,0.08334857250373862,4.919288073705452,0.9998575719548571,1.0022485691525793,0.9991191609713368
2024-04-03,-0.03872860275131451,-1.002387770539459,-0.9537202134034861,2.3583199702168045,0.08999379857346224,-1.1321318672962155,7.03296750897886,0.9969892372102167,0.9915863309278451,0.9997241876686626
2024-04-04,-0.08306302403686683,-0.1100265358115804,0.22788632814920717,-1.219145874615779,-0.9715591923371902,0.4626660739925903,-1.9164937683158856,1.0070181266927964,1.0120774195285906,0.9997241876686626
2024-04-05,0.3565912488363576,-1.3549677992857445,-1.4030437387686057,-1.219145874615779,0.8143827216601229,0.1927847054206122,14.096304734949738,0.9987452614404457,0.9865298542790144,0.9997241876686626
2024-04-08,-0.004224679746289706,0.7955508177605042,1.242684640827707,-0.007053395959077946,-1.9637938762850693,-1.2394184371014472,-1.9571846321599473,1.0028716023074145,1.0102559894978667,0.9956296224753864
2024-04-09,0.6778164752814453,-0.028887183749604084,0.03348261776734418,0.05339470376390931,0.9103411630487335,0.7919192917828166,-5.240181349224815,1.0043588421894907,1.003809947579839,1.0051593171599793
2024-04-10,-0.10390218270411866,-0.02347196927612316,0.32410371150539685,0.5690644770490971,1.0829019257921457,-1.3225702138312312,-1.3824887685854326,1.0034227291296332,0.9952027716577255,1.0058205853036664
2024-04-11,0.49044741142307835,-1.0857003361388395,-0.8357288798496176,1.8486944943646444,-0.48102907103678705,0.11402158663205153,5.473969783420429,1.0034227291296332,0.9875920549439585,0.9834892547282101
2024-04-12,0.49044741142307835,-0.006327348149481882,1.6810934405752542,-0.2575423734125115,-0.35162538662262266,-0.7891801889482353,-5.632913497334324,1.0034227291296332,1.007083468641608,0.9931950933745246
2024-04-15,-1.0301592814249916,-1.2372627399008906,-1.62453557122334,-2.1839087682537506,0.20516349250538912,-0.13456338261667034,16.09657708311001,0.9919913671657936,0.9881938468450723,0.9859864591564217
2024-04-16,-1.0963897188301042,-0.6532589570502401,-1.793315000423834,-0.7249776762380034,-0.7356373459692644,0.5368546905316185,11.091855202373434,0.9933909880457964,0.9877110760218675,0.9859780696036773
2024-04-17,-0.5594325260972033,0.1692306609353711,-0.12445393102040736,-2.117358139998937,-1.9412367899667826,-1.4442540306962126,-4.316172352906522,0.9933909880457964,1.0030222486850198,0.9985580816572205
2024-04-18,-0.5594325260972033,-0.12079735971632921,-1.1464041399442126,0.01766337949911101,-1.3241033496344201,0.02132732943358473,-1.0326116195473745,0.9933909880457964,0.9942900043125177,1.0000861681285604
2024-04-19,-0.6865245850318225,0.05845928031762426,-0.5220186514490188,0.8247022993310038,0.31057124549853654,0.37918280988102904,-1.1532075509642303,0.9938920472834231,0.9906713950992794,0.9914847790082084
2024-04-22,0.6871768688606394,0.558616584028715,-2.0478174173957586,-0.9870058817113891,-2.655870915472003,-0.5608497507158083,3.9444393581814285,1.008574542404163,1.0046556730398173,1.0115069540655415
2024-04-23,0.8551965982977361,0.6675600785560842,1.1078373020564358,1.7723578008969731,0.9988515725489311,0.6959401545642896,-9.460174436266822,1.0049538147906518,1.0095743197926939,1.0101565119881335
2024-04-24,0.14147135985376202,0.6896210046851481,1.5877623641452843,1.9213069339488964,0.3032986084302136,1.5500402964330195,-7.378990048797274,1.0023940799915056,1.0085151351458748,1.009759398691706
2024-04-25,0.15379287654238016,-0.11107904122423795,0.10263567185926359,2.212498659534856,2.4177516419089162,-0.2698870626611116,1.7845805872141796,0.9961834446974807,0.9897512436800334,0.9966775481006693
2024-04-26,0.7496929606716884,-0.975330479516745,-0.6427279398895758,0.4840894510647731,-2.1622360036482657,-0.9476630674322473,-3.757046784203688,1.0022175456790094,1.0025812603921294,1.0029888072839663
2024-04-29,-0.6663626980883297,0.4039809373674652,2.025015947888842,2.1210361861508265,0.81396125005464,1.3603095911582486,-2.2121025056567434,1.0024800039445896,1.0025812603921294,1.0049163536061134
2024-04-30,0.996662256880243,0.3829262260743871,0.3464341573386376,0.5425128872952101,0.81396125005464,-0.23506101079138197,-2.3952073391426465,1.001600907963232,1.0025812603921294,1.0054392170820228
2024-05-01,-0.170251731563964,-1.4853504774017368,-2.0350255647543336,0.09082787078471544,1.2413375388812486,-1.0274152758883104,6.6802967766848464,1.001600907963232,0.9922334039100885,1.0054392170820228
2024-05-02,-0.170251731563964,0.2310328114935034,-0.3342728598578648,0.09082787078471544,-0.342682236067704,-1.0274152758883104,-1.6613372622684919,1.001600907963232,0.9929445915185886,1.0054392170820228
2024-05-03,0.19177127972140884,0.8505095513437588,1.5089538105478306,2.500145414825883,-0.09923294758391599,-0.19891581459691166,-4.613385460092079,1.0052167675444672,0.9929445915185886,1.0184636406730665
2024-05-06,-0.7609859296553445,1.177270789858209,1.9908523092361685,1.4762845644161304,-0.09923294758391599,0.5872634837817525,-8.106270499449886,1.003815206165298,0.9929445915185886,1.000683638997593
2024-05-07,-0.14749338156797576,0.45659144241767535,1.1940825728499194,0.5541313223261124,-0.09923294758391599,0.9644216730305688,0.0,1.0020964849544787,0.9929445915185886,0.9999596303230941
2024-05-08,-0.6246985595782073,0.08234316266715336,-0.10208682164319915,-0.5325117823738013,1.566665311325588,1.4021286719935855,-1.927355324634561,0.9968030139558346,0.9959435859914909,1.0016867416651403
2024-05-09,0.0,0.44266985829641836,-0.1824564273542717,-0.8956461898969481,-1.629274659502833,0.3707536074426754,-1.7384697671535276,0.9965161206703285,1.001061472890007,0.999584501833055
2024-05-10,-1.546911781190452,0.8484426964377123,0.26682598912928235,1.222850778141904,-0.3360802518904471,1.0174877003065408,-2.3846186124361513,1.0015233618922919,1.0075591937119952,1.0071000369915415
2024-05-13,0.44494691449390444,0.3175558080530827,-0.032971753262078796,2.2973001021244777,0.40744073600953445,0.46156070019678364,-1.1032261172400193,0.9987644636654729,0.9995422336463992,0.9968835368267712
2024-05-14,0.22149680905385605,-0.20582708132750316,0.28988736124690995,0.7982673292820097,-0.12987076683630416,-0.1631553380937123,8.366535257186957,1.0004003614297932,1.0028425583045204,1.0046434467422867
2024-05-15,0.5148324587705533,0.32105707017517915,0.7501687268846036,-0.21631953125965664,0.4625462275098524,-0.13766128175888293,-1.3235316185802093,1.0016990843247076,1.0046154703191752,1.0046434467422867
2024-05-16,-0.07786004689536163,0.8844978451399976,1.40032960621852,-0.21631953125965664,0.07735903032757285,0.8171405309529867,-7.228019832446108,1.0053443916175362,1.0067793543478833,1.0046434467422867
2024-05-17,0.9157377676264788,-0.09677531760549085,-0.2632259244638169,1.5876216241677454,1.3925259294861325,-0.6918561755623998,-0.24096171430353364,1.0005088585588535,0.9907702918637635,1.007668547936186
2024-05-20,0.27785403439750667,0.3366266071402446,-0.07395719535787659,0.91388955891889,-0.3414232243869608,-0.18352618974385448,-3.4621602458483336,1.0005088585588535,0.9993382391521727,1.0034684293420892
2024-05-21,0.27785403439750667,-0.49200662557725705,0.6526347159389712,0.42248633764065957,0.7278160814432111,0.34505756337046556,1.334444123990064,1.0005088585588535,1.0041587356243922,0.9917218906984412
2024-05-22,0.2802051667603722,0.16635047450412888,0.2247710278890258,-2.116504844712097,-0.31418225330184235,-0.22484554161270598,-2.3868310366918943,1.0021105562141381,0.9968413548324072,1.0002414399331285
2024-05-23,0.3051615474950031,-0.5064812733009183,-0.18464196133320954,-0.130170266977081,-0.8468655363759181,-0.24863108972256187,3.625635055846632,1.000721257271129,1.0048172269855344,0.9910818387230065
2024-05-24,1.6366619608483068,-1.527001455131094,-0.3899033617177028,-1.7029354567041022,1.258813240328882,0.059534128195148917,3.905618367782915,0.9983933754651689,0.9847279196165917,0.9932994023256921
2024-05-27,-0.04593757337192361,0.011079216699383387,1.1039641622729413,-1.3767314854494117,-1.1689814537326315,0.010961387910257692,-6.577917952048329,1.0035653288423934,1.0031077271280946,0.9998430903661998
2024-05-28,-0.10737589261899938,0.011079216699383387,1.1039641622729413,1.1736840608255195,0.6570135011165101,0.4351371668910531,-6.577917952048329,1.0019492541528643,0.9994634682963788,0.9992914645966229
2024-05-29,-0.19317094176221072,-0.5547293166290324,0.5856216072961384,-0.03287479785215597,-0.11477741666461316,-0.5158097890155644,8.298405245544348,0.9945211653853706,1.0006467292820178,0.9914059495452363
2024-05-30,-0.8015115627261094,-1.0586616252101777,-0.5834399316332561,-1.828529101117693,-0.7682335584436428,-1.0953073746513775,10.526313070017856,0.9961571831822398,0.988481908674068,0.9971190972226993
2024-05-31,-0.9515599658179275,-0.8585988017112856,-1.0844781866387043,-1.3358239002459693,-1.3038977832967702,0.1272106982167287,1.330535977664793,1.003532858458377,1.0031294854769475,1.009842447768377
2024-06-03,0.18697799732139142,1.5083115026752747,-0.012311268544940024,-0.8259929416103096,1.1398750772054989,0.006219407169072433,-10.711818674023643,1.0358267253065652,1.0064189210447845,1.011280728894343
2024-06-04,3.2542317695352763,-0.2980098948897725,0.5596072980382338,1.7889196651960315,1.1305704654324122,0.5958539512160632,1.4705849788028802,0.9963720447041197,0.9943351743063433,0.99632724554241
2024-06-05,-5.929359941641077,0.36363511151908945,0.16864588530618452,0.22317135968965562,-0.21984493435361907,-1.0883372109304346,0.3813897181103032,1.0111425716545956,0.9952784994352465,1.0024761250839742
2024-06-06,3.3624236760035675,0.24809058242660775,1.962677894658782,-0.103818715833226,-0.8942115527554195,0.9252534676445157,-4.027353640702469,1.0078800727255834,1.0091318969006293,1.008283281638572
2024-06-07,0.8888049244237806,0.2031671692161785,-0.08599799663757679,0.281356600569449,0.5542709563439718,0.41306373195080237,-0.39588432527165596,1.000019684100989,0.9972622397091511,1.0046371494997632
2024-06-10,2.0539931466807104,-0.22420204804487476,-0.2328539208430902,-0.5945377871448221,-0.050594972860085186,-0.5114570247829131,-2.8616825028659476,1.0012451615602995,1.0001512659791099,1.0046371494997632
2024-06-11,-0.13289382574128705,0.1779705716794977,0.3466875843506356,-0.5945377871448221,0.9157044581860729,-0.33614269677419983,4.2553149977613725,1.0010555299440493,1.0035203935572254,1.0046371494997632
2024-06-12,0.02429314342191624,-0.31032485921413944,0.8784134188007497,-1.0377846245984923,0.2475242323491722,-0.6755983282545119,0.8634270983343129,1.0034214538546995,0.9931099507251879,0.9920809439984973
2024-06-13,0.2497312914139238,-0.09087298146852607,1.5273035793879508,-1.3121453606734224,-0.6594596040567335,1.4203635376196733,-6.303505023896772,1.0067744434255759,1.007854256414358,1.00927040363129
2024-06-14,0.32564994745150067,-0.16818821096299397,0.33575430637895476,0.9744262249386848,-0.4018914762392911,-1.9600796729216885,-0.8305679550378975,1.0028227321379368,0.9965677471944344,0.9953314045026633
2024-06-17,0.28505279152657437,-0.14992432525967603,0.12067490836344952,-0.9432730332025074,0.24299768775397634,-1.4434730092767079,6.0301532021133974,1.0028227321379368,0.9903753092000857,0.9948215751229209
2024-06-18,0.28505279152657437,0.4896230067847229,0.950533124235986,-0.03154735188937163,-1.834665170235028,0.3676887814453078,0.7109016877775653,1.0028227321379368,1.0086881325784467,1.0014368484159222
2024-06-19,0.3933450786960613,0.1463656296028848,0.029181451534410208,-0.11467563977323181,0.9964400042033139,0.35288366870163124,-3.5294102687461693,1.0030541439413945,1.0044644325386594,1.007851833504456
2024-06-20,-0.17786131162043084,0.1463656296028848,0.029181451534410208,2.8737036892486634,0.2303728802548255,-0.35330162354585415,-3.5294102687461693,1.002983091963982,0.995840336070625,1.0012609735109725
2024-06-21,0.21687361796223215,0.7722503662342728,-0.7873631753103294,-0.515834495504619,0.16141193413283794,1.0309412081372704,7.967475829590032,1.0039950095737684,0.999369467484148,0.9925728220080693
2024-06-24,-0.279629951309035,0.03977641760506412,-0.1818712036232295,-1.6732774558666397,-0.09461021088562616,-0.4966542337264346,-0.6024090761646117,0.9949449672526127,0.9974337840168345,0.9932240605758974
2024-06-25,0.156375661610908,0.6663617522362664,-1.088445649264791,-0.0044850812547236885,0.5393749590109742,0.8922309720656108,0.9848493660558288,1.0016675270108093,1.000753775673219,1.0033453273107764
2024-06-26,0.7793879853915442,-0.7587962260896974,1.2621154825899206,0.25066661697465964,0.9496284977134062,-0.8074011129209469,-3.675917283740937,1.0000758317657867,1.0048906467540046,0.992349344695015
2024-06-27,0.6218040121837909,0.039989161778630766,0.4939129269155407,0.09422558918010804,1.2608684639888956,-0.12311241685103447,-2.2585666542580096,1.0005341701125603,0.9941361547331944,0.9920436568861042
2024-06-28,0.7361040898544724,0.0926650917660865,0.3005843855395707,-2.0644579101546046,-0.8206586658289661,0.3046533461467327,-2.4701228279307874,1.0017218237278795,1.0063920391078371,0.9924769864024616
2024-07-01,-0.14099020825968367,-0.11540994568222107,-0.7059876784354269,0.012071658688905806,0.6139542790033703,0.13672534015629623,1.633985400367921,0.9992648917181515,1.0064861602397173,0.9924769864024616
2024-07-02,0.5470484349075377,0.12950315285107372,0.8272964771473212,0.012071658688905806,0.1212145973046308,0.30276708205922986,-1.7684832859754307,1.0035954338427067,0.9977934170357037,0.9924769864024616
2024-07-03,-0.07497161563467802,0.41443457359870983,0.8359330501992446,0.28518744857763956,1.1194069203338541,-0.6921544017192804,-1.5548324869538943,1.0069599335654849,1.0037713757348217,1.004087361779771
2024-07-04,0.6742306607722792,-0.06064185018622714,0.8849250735993186,1.1786146101255168,1.262817740428246,1.1587098020118036,0.49875661636344937,1.0034360331356926,1.00411101511983,1.0056261643093318
2024-07-05,0.06444070008029268,-0.06064185018622714,0.8849250735993186,0.276490196444823,0.8203067282401166,0.41335029947089375,0.49875661636344937,0.99634597021981,1.002339340077339,1.0004154713964466
2024-07-08,0.0892892949850621,0.17266483603846083,0.904202027187373,-1.2683957138085677,-0.003122048017667467,0.13532845414128136,3.225801362500036,1.0002302106559993,0.9987966850262189,0.9926044066978296
2024-07-09,-0.013562113637344275,-0.07893674574461773,0.27778094085602056,-1.5480610968463981,-0.3218387775625997,-0.018394342999528135,-0.8814075377564845,1.0012519954430257,1.0042351146696522,0.9975427757305553
2024-07-10,0.4631820986013446,-0.13424983017724657,0.13882410748919938,-0.004736791012449615,1.9604191972324436,-1.2768551305868514,1.131773198205055,1.0010907450304154,0.9967329680500508,1.0051514206476357
2024-07-11,-0.4450911197766749,1.0928203362169375,1.1837687037744349,-0.29424110449811636,0.6056165592749796,0.937867258067393,2.717826909410692,1.002964160127598,1.0122329941696644,1.0090123576168786
2024-07-12,-0.03494426502141934,0.08154460348199777,-1.9522190849242782,2.0642569248543463,0.9371566260830022,0.6917928882570701,0.544744690631771,1.0029610195083185,0.9868520296643212,1.0105336679461998
2024-07-15,0.7657573644356042,0.6216984246769197,0.6291991565953836,2.585476935600095,-2.4472796650381046,1.1525449448059222,-3.5603717912586985,1.0034874171200376,0.9868520296643212,0.9949763036514979
2024-07-16,0.3450669707641296,0.5270389434612222,0.4028659854356853,-1.5166218228481076,-2.4472796650381046,-0.8389564486885548,5.29694899993165,1.0011876816654075,0.9868520296643212,0.9905151265247863
2024-07-17,0.10697158254551198,1.847127508694224,0.19904935062078355,-1.598356750277885,0.20489692848066898,-0.3919195136731113,0.5335342639847473,1.0011876816654075,1.0034185656068944,1.0007778134979506
2024-07-18,0.10697158254551198,0.5948009923746334,-2.768439750961882,0.06447258626072205,-0.4297671302106121,-0.43594550116962116,9.780136488947022,1.0011876816654075,0.9859850894529223,0.9951419079472811
2024-07-19,0.7632129743428306,-1.29389189498752,-0.6984485083873393,0.21984947445539138,-2.3634900416870663,-0.4476849220192869,10.013817740186969,1.002135054754535,0.9960015949618519,0.9901785720171038
2024-07-22,-1.0884676251089243,-0.9282874706599165,-0.8073385271033628,-2.0290367112673735,-0.15591375134754726,-0.9960908258107914,3.7037045906157084,0.9965288518044962,0.9971086148749114,1.0027243107420936
2024-07-23,-0.08825762723847497,0.3174931604924325,1.5830756353462316,1.2527568297836744,-1.1601225779591773,1.2939771892346075,-9.745766136434542,1.0024337909411754,1.0066943570229046,1.002476197374161
2024-07-24,-0.12321559717249908,-0.141905075150639,-0.056757813228724974,-0.9442198305988136,-0.01164012980126028,0.8183209152393456,-1.2743097406287318,0.9986069082986616,0.9934927059191229,0.999145378649582
2024-07-25,-0.2677831825905974,-1.2493622764410572,-3.6390883510082794,-0.90620720744089,-1.1101043747910988,-0.9173458371283361,22.554351822499452,0.9925225477194994,0.9838933792727235,0.9970989223150223
2024-07-26,-0.030312698404566518,0.20374236309188554,-0.9265693273151521,-1.6702661707466926,-3.2827090193364827,-0.48261276897682004,2.3281493771090345,1.0007067905267981,0.9979761918883666,1.0033932599276347
2024-07-29,1.756732976027453,1.6383332397569506,1.0252765674276132,-0.003522573962000397,-0.533678817939276,0.6493900860769175,-11.213433355830272,1.0043668946492859,1.0125230520373785,1.0102893764491685
2024-07-30,0.00503324972633834,-0.12173185481756388,0.0709669542889424,1.275044575899864,2.127087438919806,-0.526024662701785,1.2812751655983723,1.0001329025612682,0.994091878233979,0.9974492495493443
2024-07-31,0.08536433743000504,0.5017237056597956,-1.2825373737482826,-1.3657329512816063,0.14900534313218028,0.4940308733848875,6.566265828551643,1.001182688247558,0.990002071452855,1.0039963287534648
2024-08-01,0.377553501085659,0.2441158886060002,2.635851170667425,2.0095939458893097,1.4947615968660788,0.5294104168195979,-7.518371303299154,1.0031982023624444,0.9918095445124937,0.9990342815413884
2024-08-02,0.23946791656728195,-1.2115242956175165,-2.3026352660052707,-0.22853610211661657,-2.494748785872136,-2.2994632260738723,13.630803539367387,0.9911278527698196,0.9821080003360538,0.9838369371138606
2024-08-05,-1.172293549195469,-1.513600436824969,-2.4310025495816623,-2.077156794362167,-5.8139060729441745,-2.3327373418781105,25.82032919667483,0.9832164957707589,0.9816111006742934,0.984143914415012
2024-08-06,-2.678645789462286,-2.6020720673163855,-3.4339209494872347,-1.4585007712565767,-12.395757674714236,-1.8244531821517085,64.8995327118046,1.0055808211884139,1.0196739110796735,1.009757929063016
2024-08-07,-0.26209626510589334,0.7606350279071528,1.0294364623245844,-0.3055361913361643,10.226327398560752,0.0883575321529495,-28.156600197766878,1.0123725739743765,0.9840489683468969,1.0022489751201336
2024-08-08,1.2710162480444431,-0.6005768975923087,-1.0450394739652702,1.3847229251858328,1.1943897645556811,1.5029691363776854,0.5052374652567915,0.9979854215968721,0.9873514726743785,0.9937894782643312
2024-08-09,-0.7428747813561065,1.7620698783678224,2.8662349907374374,0.08277532603271354,-0.7366071453420164,0.370419772485886,-14.57809483063327,1.011189186440063,1.0126665764995277,1.012167378900002
2024-08-12,1.0386864037815746,0.12941780998605434,0.511891656789687,1.1745346105625831,0.5565465716637075,0.24026870326152583,-14.37578791374391,0.9980527662357649,1.0126665764995277,1.0007460402610318
2024-08-13,-0.08412844977941925,-0.35578759357041134,0.21085673056129295,0.12533430672083679,0.5565465716637075,0.02025541884800308,1.669112573546916,0.9998089953331006,1.0126665764995277,1.0028378645990572
2024-08-14,-0.8543146999630324,1.0382620234740125,2.4254184750069685,0.364723184644955,3.447570931477517,0.48278125724097176,-12.506027811373066,1.0018807900337627,1.0083651347746105,1.0034714644485079
2024-08-15,0.019677699987563635,0.6104516265416082,0.029033906147879485,-0.35344682586463394,0.5793635571816225,0.4129161152090388,-10.651215318914042,1.0018807900337627,0.9983252694586131,0.9938557687479171
2024-08-16,0.019677699987563635,1.3863791071951015,2.337635958240125,-0.024651793417973522,0.7798901992462026,1.6641355699586802,-5.929592094835401,1.0018807900337627,1.0157457652717181,1.0103394110421604
2024-08-19,1.6459762490292462,0.2384019557511774,0.21154737631077225,1.8763042416106046,3.6377714576229403,0.7653210014072265,-2.8233707447526624,1.0038791669190197,0.9947741410034684,1.0080033688015184
2024-08-20,0.12835584110202358,0.5823190329736105,1.3898180004721095,0.799821430212222,-1.7708971757516734,0.5418998623717641,-1.013517366699046,1.0031030433749666,1.0122826265135187,1.0052431072010601
2024-08-21,0.5135759339910173,-0.15053232662610716,-0.3346805921529139,-0.3329064589211228,1.803491975698246,-0.3483389622775057,8.395908040535783,0.9992591222500479,0.9892393434062923,0.9887373764356563
2024-08-22,0.28887826964991703,0.135960753612685,0.5727739128175591,-0.6856819337488718,-0.29194052446873675,0.4980503348742671,2.4559215397492062,1.0037626331161862,1.0021601206546833,1.0061308167373206
2024-08-23,0.1667357653657442,-0.43459258795763844,-1.6721959277882892,1.4374681961776048,0.6830003640514004,0.2408885499280089,7.867232595473528,1.0013663176601575,1.0017578170723243,0.9932078503202766
2024-08-26,0.046955607782672715,1.1355079677834556,1.4667933769104025,-0.16382512683521533,0.4010828439404923,0.7554535953300912,-9.629627657273677,1.0033416072273134,0.9945819540541314,1.0055172253183986
2024-08-27,0.7551387144671073,0.15893450414674604,-0.8503262384321975,1.0596741076552618,-0.6622067469395199,-0.0862984606002426,1.8284991685414864,1.000567806134071,0.9988478114875685,0.9924191397955656
2024-08-28,0.02858944102370753,0.02420063777914816,0.1638900990943437,0.42665657114326905,0.4681220669981112,0.34802034512690927,-4.4582001879948985,1.0005216608707816,0.9982438075444044,0.9985074025077605
2024-08-29,0.138300244326528,-0.38563926497861,-1.1196453251911764,-1.0194353457794403,0.21714186258217083,0.5378414226655748,10.887882514248881,0.9993194718902286,0.9934375569762555,0.9955891317513408
2024-08-30,0.397565940632294,0.5928948065879069,-0.2255613083423591,0.5305715030710312,-0.024055368678810307,0.6936388294657592,-8.53302711712346,1.0038863787116399,1.000664914740213,1.0004548351546505
2024-09-02,0.3337760073577778,0.5516561355077165,1.125739986075569,1.1399209979228164,0.7434826136505368,-0.029876376037929475,-4.153352296319845,1.0038714378024054,1.0097692257311228,0.9929690380573968
2024-09-03,0.1695950113232314,0.5516561355077165,1.125739986075569,-1.6515562183808674,0.13744938256432526,0.12656576321727897,-4.153352296319845,1.0013727435725515,1.001159938361368,0.9985280884723373
2024-09-04,0.004550829989491412,-1.5065016012935195,-3.259177894657106,-0.22880700759271289,-0.037628351994256626,-0.97058630841379,38.13332875569662,0.9924880727710272,0.9832912867369199,0.9899866811440208
2024-09-05,-0.3210082017058524,0.09292114184034084,-0.30344938889551587,-1.0999093450302921,-4.235863483275681,-0.8281797610464992,2.8957548327861904,1.002055692668908,0.9861972369168557,1.000722967752416
2024-09-06,-0.21270784221717465,-0.5350065093094214,0.2537966028295813,-0.07469100456716227,-1.054101837711352,-0.08256095922408724,-6.660413211162819,0.9979558485977985,1.0043077657534487,1.000722967752416
2024-09-09,-1.1650350298901935,-1.0068268741220576,-2.550436394346589,-0.07469100456716227,-0.7246104229282846,-1.4782096163163172,12.462309496363154,0.9988431584571915,0.9839069854112442,1.000722967752416
2024-09-10,0.3390048695012693,1.2000861699629883,1.160934059858132,-1.4178833927001144,-0.48285698828794965,0.7740188353476452,-13.092039802055044,1.0025264271912993,1.004704337028779,1.0004918883287426
2024-09-11,0.41986500501236534,-0.2268670995826283,0.8367462259605718,0.21590388199950183,-0.15625755023711552,-0.9631579788973998,-1.9023178648836292,0.9997164817246148,0.9964252012991608,0.9894250290179325
2024-09-12,-0.4897963449619458,0.3062329568261024,2.171097287436141,-0.727505237507331,-1.4917122595469623,0.352293285255989,-7.285112134206173,1.005666531277105,1.0158858850000017,1.0040090597123632
2024-09-13,1.887963282727112,0.5752539195178041,1.0011215390628214,0.7696645760223664,3.406815978793376,1.0262865662137965,-3.5048096128643014,1.0016364957712127,1.0013341369263542,1.0033618138727642
2024-09-16,-0.12761636040355961,0.722713055400015,0.650557000941343,0.7464982757604988,-0.6828278230544216,0.977459484954557,-2.9876991095463934,1.001977812025516,1.0013341369263542,0.9933030277610168
2024-09-17,0.10746751326089488,0.551524572305162,-0.519394428970954,0.3053084378746629,-0.6828278230544216,-0.3545087769671773,3.5024151111773483,1.0013059690008372,1.0013341369263542,0.9979698714984375
2024-09-18,0.13709866056039743,-0.03819712569913536,0.20423726828324718,1.36550777035076,-1.034786054483472,0.49895431435473814,2.7421309068831112,0.999364621895088,1.0094693324056994,0.9979698714984375
2024-09-19,-0.16129951842196455,-0.24774715144291193,-0.3106397636846503,1.36550777035076,0.48877732729220025,-0.0779118944762125,3.520720672322497,1.0043148371938597,1.0159086057781304,0.9979698714984375
2024-09-20,0.15072376499098983,1.257953801268985,2.5076659927780076,1.999661576676659,2.1307107967037275,1.5546096080877758,-10.422378860340853,1.0043338566605882,1.015038009774002,1.0031182713853521
2024-09-23,1.4760441377741573,0.09082164166971385,-0.3644955448014686,1.362393683958052,1.530283972562807,-1.4859774458772068,-1.1022676424785383,1.003163961194599,1.015038009774002,0.9988410836178387
2024-09-24,0.5742385099666292,0.1457065327417073,0.1445774217207818,-0.06277018027065484,1.530283972562807,0.6772394804398063,-1.609902670890473,0.999321426113529,1.015038009774002,1.0179102640401092
2024-09-25,0.0052030021699067674,0.19838815420381017,0.5577417197717205,4.129153590251877,0.5743828956291219,0.7950521246780751,-3.1466330345934046,0.9984213361683577,1.000178218598547,1.0311500883968576
2024-09-26,0.24575565157058943,-0.6952881658859433,0.042553862838246026,0.67650142311797,-0.18536381561180537,-0.4112879802390945,0.12995129072905787,1.0000480692497629,1.0104706787266187,1.009068419667802
2024-09-27,0.8148714241454025,0.6211640890140036,0.5977041489758417,4.158483593028817,2.786796656801238,1.6907227052884721,-0.2595714617073419,1.0012282253730234,1.0046920404404995,1.0262068336799366
2024-09-30,-0.14152231703233875,0.32694787765443767,-0.38866462488355014,3.551998086534325,2.32219674517542,1.2229290439429663,10.344822451218505,0.9955059908433705,0.9821305961231094,1.026323257922527
2024-10-01,-1.4060900852023384,0.040527586084659895,0.3840047083019327,2.4300678415159593,-4.795453125608362,-0.7636027043380622,-1.3561294495994303,0.9991321327672661,1.0082521538969478,1.026323257922527
2024-10-02,-0.05404401234794243,-0.40911665536844666,-1.5328382112681838,2.4300678415159593,1.931504866645617,-0.5784707334397621,15.12253888745365,0.9991321327672661,0.9866560605337859,1.026323257922527
2024-10-03,-0.05404401234794243,0.0938178963590719,0.0824090980865666,6.198876866790304,-2.1815370821182345,-0.2518621288652545,-1.8691620253031727,0.9991321327672661,1.0172014939906766,1.00179598457601
2024-10-04,-2.119637526098739,-0.43825815388173206,-0.03703558019848563,-1.4713271645495407,1.9659381614483884,-0.7792423264065484,8.412699389840173,0.9972990514966255,1.0011068637202922,0.9955488889577806
2024-10-07,-0.9326695880144675,0.8120619988885025,1.2242619624335926,2.8189074534382463,0.21675236822125132,0.5549158833963785,-6.246953152482426,1.002778377470969,1.015641026703923,1.0093012132603665
2024-10-08,-0.8748875168602677,-0.9409346943232699,-1.1795732314343055,1.5961307337674313,1.8043379859441933,-0.08801914132868793,17.855286145995876,1.0014699784741337,0.9920776079007816,0.9891536267552611
2024-10-09,0.8767647303469239,0.30064379110983364,1.445106955545672,-9.406974008054558,-1.0047589769217602,-0.19696770336945502,-5.388689691892424,1.002104908410287,1.011504302262939,1.0173581335825155
2024-10-10,-0.12473907279866303,1.0257250471683799,0.5978094784393262,-1.3836275945642296,0.8742768115200583,0.9884314056303634,-2.6143765823892218,1.0034065221154211,1.0075828743814865,1.0198069005827697
2024-10-11,0.06604768849507447,-0.13614722019664738,-0.05231007327147763,2.978790901271,0.2620545594609336,-0.2286650618287256,0.3355689970089504,0.9994740298734156,1.0065001188314289,1.0198069005827697
2024-10-14,-0.13680536120755926,0.9651319370036937,0.3330516505153147,2.978790901271,0.571114956214891,0.8481106256712057,-2.2455863060207304,1.002371359794506,1.0065001188314289,1.0198069005827697
2024-10-15,0.6557345754428789,0.46976492069550346,0.8709073069135931,-0.7486894144240641,0.571114956214891,0.6940237621203105,-3.7145569674535084,1.002322177667267,1.0065001188314289,0.9977869446214838
2024-10-16,-0.2809604904896901,-0.7541976667655992,-1.0112022354858197,-3.669866213857631,0.7694579934974355,-0.11328317570135082,4.771566448247833,0.9980525143765906,0.9862712524815014,0.9914345750642589
2024-10-17,-0.34340754096676696,0.7891296551456817,0.2811279069593775,-0.15719171564189116,-1.8297166681625288,-0.2739319884906499,-5.135656479108253,1.0022465633595317,1.0021316715182025,1.0091261397686135
2024-10-18,-0.8868227322834543,0.3745593785792867,0.0355489105901885,-1.0240624049581037,-0.6868486704644794,0.7748754497542976,-2.4004050826652468,0.9965696603427909,1.0046587456512803,1.0013721123848172
2024-10-21,0.4210173941240125,0.08524556930371574,0.6310213953266919,3.6107683099818377,0.1813323910166087,0.37776152782531547,-5.651490786039204,1.0041079665553763,0.9994471571632879,0.9964833795606788
2024-10-22,-0.293518237799828,-0.7956125994967089,0.27290541004474367,-1.5653082361282267,-0.06964396801066863,-0.9979956427361603,1.8857467534081795,1.0007082325452321,0.9994609109281658,0.9978039998580825
2024-10-23,-1.2469180337869368,-0.015631696130014028,0.214453854812513,0.1000479543483701,-1.3930077660513907,-0.2018339987368667,-0.9254222565459602,0.9961609661512653,0.9996178355089997,1.0012922727937084
2024-10-24,-0.1495564743491773,-0.9550202697808263,-1.6314472583482398,1.2742173712791294,-0.7994946235618694,-0.22804665076028297,5.714280025176999,0.9990668993370302,0.9921180697507823,0.9911320676434918
2024-10-25,-0.14773427748562273,-0.33068331571238785,0.7596569436006506,-1.3031276022073879,0.10085245853239666,0.3374039860135847,-0.8316000484173136,1.0007643790554857,0.9950579035753545,1.0015778759918919
2024-10-28,-0.8959220549493163,-0.6134864133270468,0.5599587049413213,0.49064479583553755,-0.6013303863863673,0.10589849174509336,6.551362709634656,1.0029072167113469,0.9958861376366119,1.0001257807107218
2024-10-29,0.6548567634608204,0.6486424717793371,0.2623311348128654,0.04472519238709616,1.824156776184216,0.34952080998997825,-2.6069881388808724,0.9995767813960356,0.997895885223701,1.006341026988855
2024-10-30,0.5246658848009123,-0.36453972263759127,0.7839665084609759,0.4940991035067066,0.7722946112806106,-0.27416481828493877,-2.3232277888761477,0.9961008306280492,1.005120619414415,0.9944645637732824
2024-10-31,-0.5149825253829232,-0.2166827095300139,-0.5601545069538139,-1.5482238674952242,0.960605630371969,-1.1332255465180574,5.222338267389759,1.0003697488027095,0.99751327994437,1.001646591702757
2024-11-01,-0.5566773640794054,-0.8971625939889649,-2.7557031087636963,-0.3106406125298111,-0.49937285007715104,-0.9336740313504621,13.808350925148428,1.004023920009289,0.985238485526947,1.0054412061439622
2024-11-04,0.4090004961616156,0.6913470825181234,0.8000460240717544,0.9307306060780007,-2.629337917799457,0.9300551818749447,-5.526773294813014,1.0004690679161643,0.985238485526947,1.003804637493652
2024-11-05,-1.27137736646451,-0.6125479675042955,-0.32861686554399583,0.297905801648346,-2.629337917799457,-0.5563295597879825,0.45704015221827987,0.9967139628862005,0.985238485526947,0.99233840143506
2024-11-06,0.908305881860727,1.0223266349627558,1.4256860922954528,2.1366269822051365,1.1069275098698927,0.566225054441194,-6.778888999770039,1.003942015985855,1.0052774871278698,0.9897572132167066
2024-11-07,1.1181870759630508,3.571728261071705,2.9518724734147517,-2.2306397736837513,2.6141029043489583,-1.12669270661645,-20.595409275225197,1.0002266303143452,1.0067009648312881,0.9925981758048075
2024-11-08,-1.1628025706147627,-0.0013488330628863565,1.50652237858655,2.0204074859464294,-0.2514185145183756,1.6975876494017772,-6.5765250054922735,1.0003450344538087,1.0102088538959084,1.011770013543858
2024-11-11,-0.2113709312467793,0.5937625366121635,0.08987464377530063,-1.0745322335434682,0.30207383897125073,-0.7594004605789406,-1.7105278430553206,0.9974760346227939,0.9978946993674407,0.9773232086098028
2024-11-12,-0.028567088740283353,0.6914017277583895,0.06211751877069904,-1.4533819574848672,0.08341496000581206,1.2131840315110498,0.20080781451226049,1.0035002256409327,1.0027688273242608,0.9954550270074698
2024-11-13,-1.0680930776533315,-0.8627713754628785,-0.0899507284966572,-2.8396280645150207,-0.39771632513316835,-2.1336188348233254,-1.7368084451840793,0.9974459300479885,0.9985031168284132,0.9911844617428963
2024-11-14,-1.3582562322921432,0.10751510669091413,-0.26284235830008607,-0.11806208134681473,-1.6619976490730104,-0.1604067797723263,-4.690683742990798,0.9992826370305865,1.004890774452485,0.9900527173173027
2024-11-15,-0.11185324376894457,-0.4716573285144743,-0.6399672399173273,-1.9554552166852535,-0.48025042508407223,1.3713010781952528,2.068473269502902,0.9992826370305865,1.0055496430410154,1.0034584999600549
2024-11-18,-0.11185324376894457,-0.6991201958532978,-2.2374872957156677,-0.04872810990906862,0.27821199478283987,-0.27455096383316446,12.78825238553527,0.9992826370305865,0.9900804491444855,1.0087077729315244
2024-11-19,-0.33527151631265184,-0.12748701505325144,0.5979159201779272,0.7735349657148394,-1.0922018865645367,-0.11254649405471051,-3.469637466662756,1.0032297537062973,1.0046013414225587,1.0062932844761325
2024-11-20,0.2758581406631766,-0.2780854211721584,1.0411990678702132,0.4447171888007251,0.5064725590518515,-0.6716224599523812,4.942236595213734,1.0032297537062973,1.0015949613660393,0.9979515880283267
2024-11-21,0.2758581406631766,0.3224653509314779,-0.11233764864474471,0.21023463023051026,-0.1616315646362554,-0.291344938286453,4.954125058372449,1.0032297537062973,1.0000138518276112,0.997007324339018
2024-11-22,-0.7168807933116472,1.0640384832740768,0.033107931651232825,-0.5272790618264578,-0.850451289488019,0.7439740435357223,-1.6899709251596895,1.0026509916354869,1.0031769854232797,1.0006347296988132
2024-11-25,2.3869464111237804,0.9714081174910794,0.16460983300286003,-1.893457481280958,0.677637728949021,0.9214371469326466,-9.66212796103989,1.0144851783977664,1.0103458275182524,1.0040233623763362
2024-11-26,1.3161295867362366,0.9934384823438114,0.26936642209673956,-0.4107154918190581,1.296340473188251,0.4275274467243406,-4.199471123755016,1.005012009324916,0.9952713192037322,0.9949564047306219
2024-11-27,-0.11312238174179257,0.2765931326108584,0.6269322569991687,0.04286454264001982,-0.8719427509811917,-0.5628324077934121,-3.42465744476691,1.0004257488788775,0.9970308354143905,1.001453691366847
2024-11-28,0.3323085437806128,-0.30817888760413803,-0.5936086733931978,2.3170678249983867,-0.7986869829873622,-0.1773968874265619,0.0,0.9999691038896996,0.9947809753023594,0.9977069391518395
2024-11-29,-1.4861029054492936,-0.30817888760413803,-0.5936086733931978,-1.2047561359927017,0.5614003387638844,0.8513269497838927,0.0,1.0005436112003836,0.9962455279469764,0.9989496650021319
2024-12-02,0.9072001940535257,0.42169311896647077,0.8273110081539414,0.29250039633379465,-0.3677465599455032,1.0332623029177368,-4.184398132097011,1.0004040429221142,1.0002334056076234,1.0009628062176266
2024-12-03,0.6006820004948565,-0.28645419733592803,0.9666856814682268,0.6521943736319535,0.7982308202545862,1.565081479850905,-1.2583277084667777,1.0037670550112967,1.0061181623543904,1.0017933518406257
2024-12-04,0.7460011144599932,-0.1707577821446149,0.3966251232281781,1.0027025655391153,1.9106262056469703,0.4170384654614834,-0.2998497855734139,1.0012920397049656,1.0026788198860874,0.9987759784358557
2024-12-05,0.04210968146538541,0.6900886844958265,1.304913283496889,-0.01954478069292609,0.07014535056153459,1.0760519315073713,1.127816664504766,1.0029304718785337,1.008504830947663,0.9917031224339987
2024-12-06,0.9847825562885104,-0.5516681688021996,-0.17663625312623887,-0.921979711400911,0.30351805652966135,0.6260343806304469,0.6691461253842901,1.000851889551417,0.9993897042360971,1.0026164896562089
2024-12-09,-0.12384293961259507,-0.2751914437860603,0.8096835652052103,1.5613665377093966,-0.7727504478311609,0.1267687327328737,-5.6868501200791455,0.9982210574186029,1.006174767720493,0.993276385600092
2024-12-10,-0.23827399277279726,-0.5389253256227744,-0.6197457524939054,2.7597119939752224,0.17734982522827902,-0.18959616438566362,11.119804790267839,1.001366846363581,1.0054899268714648,1.032132754510279
2024-12-11,-0.03635086213900074,-0.34706050747019823,-0.25054464613958327,-0.5036254256835071,0.528793363210367,-0.08257551118676654,-0.07046705780979767,1.0004245915151855,0.9997508458935712,1.0045896027405492
2024-12-12,0.12901233029631864,-0.22434893520550947,1.7658665535963847,-0.7691712242322235,0.011817703733840723,0.3443329653659122,-4.2313143057600815,0.9984842194435554,1.0121338891793084,1.0028870903753382
2024-12-13,-0.3778196379659149,-0.531019601698135,-0.6591040785879021,1.2006915915346195,1.211285595385636,0.132894564248498,2.503683022813319,0.9979489907417766,0.9943514504900317,0.9922126073296825
2024-12-16,0.8945547808588916,-0.19597910161123222,0.11998719560866178,-2.087608406929231,-0.9503322099559064,-0.09962469820476993,-0.790227414327227,0.9993984088469937,1.002046527499366,0.998797782944713
2024-12-17,-0.4039468921733236,-0.2522998475131377,1.240394370741793,-0.8800154519071568,-0.032817279307018055,-0.45138555552822757,6.372187791657047,0.9966171407071843,1.0033494315529659,0.9940662779194006
2024-12-18,-1.3468730047733413,-0.6120710260081763,-0.321356347816526,-0.47995661890714025,-0.23521161075552577,-0.33199781052587474,8.032677596203118,0.9984364406126726,0.9952292059089297,1.0093428479595694
2024-12-19,-0.5635699812006956,-2.584648950020918,-3.5624294435839587,0.8328239139154814,-0.7188392036881042,-0.01876300930114816,74.03907396600702,0.9867060118996166,0.9856853399498127,0.9871906908604662
2024-12-20,-1.0213311567061067,0.036305985070250735,-0.10271871739683247,-0.5640249148284537,-0.6860825845849017,-1.3472149696898805,-12.780595870334821,1.0003757562216278,1.0035220438723722,0.9971928013499076
2024-12-23,-1.520556915080562,1.1761859025778865,1.0314997956417882,-0.16104559497730486,-0.28773355329502204,-0.426189155375567,-23.785801186974165,1.00638894409115,1.008754617374834,1.006234625380732
2024-12-24,0.7035472972972912,0.15566548224614785,0.9824001606199451,0.8236606563653881,1.1871288613708675,-0.1809450395403478,-8.605663786390261,1.0006588681281978,1.0012484410695617,1.0014267944432718
2024-12-25,-0.10861087115143775,0.9091348565969382,1.3470862885252899,1.0821143040637082,-0.31788565392986134,-0.1809450395403478,-14.958284422952605,1.0006588681281978,1.003372914655763,1.0014267944432718
2024-12-26,-0.10861087115143775,0.9091348565969382,1.3470862885252899,1.0821143040637082,0.23971739844381723,-0.1809450395403478,-14.958284422952605,1.0006588681281978,0.9999713498226585,1.0014267944432718
2024-12-27,0.09503186263191132,0.06644689120574032,-0.05377372076803555,1.0821143040637082,1.118385128261945,-0.1809450395403478,3.2235393813347057,1.0021558207324248,1.002630653295849,1.0014267944432718
2024-12-30,0.2661079652128029,-0.7699565564506905,-1.4901334813076983,-0.038949210928640454,1.802215190342027,0.682917805240213,8.282418906603617,0.9993071128134017,1.001107741027739,1.0017067334894243
2024-12-31,-0.7075847935867907,-0.9733867126730633,-1.1927790534834837,-0.24410099786940087,-0.9598062524770912,-0.3761933672218776,9.090908003791021,0.9964347161604696,1.001107741027739,0.9981009056731825
